Image_Id,SB
image_00001,1
image_00002,1
image_00003,1
image_00004,1
image_00005,1
image_00006,1
image_00007,1
image_00008,1
image_00009,1
image_00010,1
image_00011,1
image_00012,1
image_00013,1
image_00014,1
image_00015,1
image_00016,1
image_00017,1
image_00018,1
image_00019,1
image_00020,1
image_00021,1
image_00022,1
image_00023,1
image_00024,1
image_00025,1
image_00026,1
image_00027,1
image_00028,1
image_00029,1
image_00030,1
image_00031,1
image_00032,1
image_00033,1
image_00034,1
image_00035,1
image_00036,1
image_00037,1
image_00038,1
image_00039,1
image_00040,1
image_00041,1
image_00042,1
image_00043,1
image_00044,1
image_00045,1
image_00046,1
image_00047,1
image_00048,1
image_00049,1
image_00050,1
image_00051,1
image_00052,1
image_00053,1
image_00054,1
image_00055,1
image_00056,1
image_00057,1
image_00058,1
image_00059,1
image_00060,1
image_00061,1
image_00062,1
image_00063,1
image_00064,1
image_00065,1
image_00066,1
image_00067,1
image_00068,1
image_00069,1
image_00070,1
image_00071,1
image_00072,1
image_00073,1
image_00074,1
image_00075,1
image_00076,1
image_00077,1
image_00078,1
image_00079,1
image_00080,1
image_00081,1
image_00082,1
image_00083,1
image_00084,1
image_00085,1
image_00086,1
image_00087,1
image_00088,1
image_00089,1
image_00090,1
image_00091,1
image_00092,1
image_00093,1
image_00094,1
image_00095,1
image_00096,1
image_00097,1
image_00098,1
image_00099,1
image_00100,1
image_00101,1
image_00102,1
image_00103,1
image_00104,1
image_00105,1
image_00106,1
image_00107,1
image_00108,1
image_00109,1
image_00110,1
image_00111,1
image_00112,1
image_00113,1
image_00114,1
image_00115,1
image_00116,1
image_00117,1
image_00118,1
image_00119,1
image_00120,1
image_00121,1
image_00122,1
image_00123,1
image_00124,1
image_00125,1
image_00126,1
image_00127,1
image_00128,1
image_00129,1
image_00130,1
image_00131,1
image_00132,1
image_00133,1
image_00134,1
image_00135,1
image_00136,1
image_00137,1
image_00138,1
image_00139,1
image_00140,1
image_00141,1
image_00142,1
image_00143,1
image_00144,1
image_00145,1
image_00146,1
image_00147,1
image_00148,1
image_00149,1
image_00150,1
image_00151,1
image_00152,1
image_00153,1
image_00154,1
image_00155,1
image_00156,1
image_00157,1
image_00158,1
image_00159,1
image_00160,1
image_00161,1
image_00162,1
image_00163,1
image_00164,1
image_00165,1
image_00166,1
image_00167,1
image_00168,1
image_00169,1
image_00170,1
image_00171,1
image_00172,1
image_00173,1
image_00174,1
image_00175,1
image_00176,1
image_00177,1
image_00178,1
image_00179,1
image_00180,1
image_00181,1
image_00182,1
image_00183,1
image_00184,1
image_00185,1
image_00186,1
image_00187,1
image_00188,1
image_00189,1
image_00190,1
image_00191,1
image_00192,1
image_00193,1
image_00194,1
image_00195,1
image_00196,1
image_00197,1
image_00198,1
image_00199,1
image_00200,1
image_00201,1
image_00202,1
image_00203,1
image_00204,1
image_00205,1
image_00206,1
image_00207,1
image_00208,1
image_00209,1
image_00210,1
image_00211,1
image_00212,1
image_00213,1
image_00214,1
image_00215,1
image_00216,1
image_00217,1
image_00218,1
image_00219,1
image_00220,1
image_00221,1
image_00222,1
image_00223,1
image_00224,1
image_00225,1
image_00226,1
image_00227,1
image_00228,1
image_00229,1
image_00230,1
image_00231,1
image_00232,1
image_00233,1
image_00234,1
image_00235,1
image_00236,1
image_00237,1
image_00238,1
image_00239,1
image_00240,1
image_00241,1
image_00242,1
image_00243,1
image_00244,1
image_00245,1
image_00246,1
image_00247,1
image_00248,1
image_00249,1
image_00250,1
image_00251,1
image_00252,1
image_00253,1
image_00254,1
image_00255,1
image_00256,1
image_00257,1
image_00258,1
image_00259,1
image_00260,1
image_00261,1
image_00262,1
image_00263,1
image_00264,1
image_00265,1
image_00266,1
image_00267,1
image_00268,1
image_00269,1
image_00270,1
image_00271,1
image_00272,1
image_00273,1
image_00274,1
image_00275,1
image_00276,1
image_00277,1
image_00278,1
image_00279,1
image_00280,1
image_00281,1
image_00282,1
image_00283,1
image_00284,1
image_00285,1
image_00286,1
image_00287,1
image_00288,1
image_00289,1
image_00290,1
image_00291,1
image_00292,1
image_00293,1
image_00294,1
image_00295,1
image_00296,1
image_00297,1
image_00298,1
image_00299,1
image_00300,1
image_00301,1
image_00302,1
image_00303,1
image_00304,1
image_00305,1
image_00306,1
image_00307,1
image_00308,1
image_00309,1
image_00310,1
image_00311,1
image_00312,1
image_00313,1
image_00314,1
image_00315,1
image_00316,1
image_00317,1
image_00318,1
image_00319,1
image_00320,1
image_00321,1
image_00322,1
image_00323,1
image_00324,1
image_00325,1
image_00326,1
image_00327,1
image_00328,1
image_00329,1
image_00330,1
image_00331,1
image_00332,1
image_00333,1
image_00334,1
image_00335,1
image_00336,1
image_00337,1
image_00338,1
image_00339,1
image_00340,1
image_00341,1
image_00342,1
image_00343,1
image_00344,1
image_00345,1
image_00346,1
image_00347,1
image_00348,1
image_00349,1
image_00350,1
image_00351,1
image_00352,1
image_00353,1
image_00354,1
image_00355,1
image_00356,1
image_00357,1
image_00358,1
image_00359,1
image_00360,1
image_00361,1
image_00362,1
image_00363,1
image_00364,1
image_00365,1
image_00366,1
image_00367,1
image_00368,1
image_00369,1
image_00370,1
image_00371,1
image_00372,1
image_00373,1
image_00374,1
image_00375,1
image_00376,1
image_00377,1
image_00378,1
image_00379,1
image_00380,1
image_00381,1
image_00382,1
image_00383,1
image_00384,1
image_00385,1
image_00386,1
image_00387,1
image_00388,1
image_00389,1
image_00390,1
image_00391,1
image_00392,1
image_00393,1
image_00394,1
image_00395,1
image_00396,1
image_00397,1
image_00398,1
image_00399,1
image_00400,1
image_00401,1
image_00402,1
image_00403,1
image_00404,1
image_00405,1
image_00406,1
image_00407,1
image_00408,1
image_00409,1
image_00410,1
image_00411,1
image_00412,1
image_00413,1
image_00414,1
image_00415,1
image_00416,1
image_00417,1
image_00418,1
image_00419,1
image_00420,1
image_00421,1
image_00422,1
image_00423,1
image_00424,1
image_00425,1
image_00426,1
image_00427,1
image_00428,1
image_00429,1
image_00430,1
image_00431,1
image_00432,1
image_00433,1
image_00434,1
image_00435,1
image_00436,1
image_00437,1
image_00438,1
image_00439,1
image_00440,1
image_00441,1
image_00442,1
image_00443,1
image_00444,1
image_00445,1
image_00446,1
image_00447,1
image_00448,1
image_00449,1
image_00450,1
image_00451,1
image_00452,1
image_00453,1
image_00454,1
image_00455,1
image_00456,1
image_00457,1
image_00458,1
image_00459,1
image_00460,1
image_00461,1
image_00462,1
image_00463,1
image_00464,1
image_00465,1
image_00466,1
image_00467,1
image_00468,1
image_00469,1
image_00470,1
image_00471,1
image_00472,1
image_00473,1
image_00474,1
image_00475,1
image_00476,1
image_00477,1
image_00478,1
image_00479,1
image_00480,1
image_00481,1
image_00482,1
image_00483,1
image_00484,1
image_00485,1
image_00486,1
image_00487,1
image_00488,1
image_00489,1
image_00490,1
image_00491,1
image_00492,1
image_00493,1
image_00494,1
image_00495,1
image_00496,1
image_00497,1
image_00498,1
image_00499,1
image_00500,1
image_00501,1
image_00502,1
image_00503,1
image_00504,1
image_00505,1
image_00506,1
image_00507,1
image_00508,1
image_00509,1
image_00510,1
image_00511,1
image_00512,1
image_00513,1
image_00514,1
image_00515,1
image_00516,1
image_00517,1
image_00518,1
image_00519,1
image_00520,1
image_00521,1
image_00522,1
image_00523,1
image_00524,1
image_00525,1
image_00526,1
image_00527,1
image_00528,1
image_00529,1
image_00530,1
image_00531,1
image_00532,1
image_00533,1
image_00534,1
image_00535,1
image_00536,1
image_00537,1
image_00538,1
image_00539,1
image_00540,1
image_00541,1
image_00542,1
image_00543,1
image_00544,1
image_00545,1
image_00546,1
image_00547,1
image_00548,1
image_00549,1
image_00550,1
image_00551,1
image_00552,1
image_00553,1
image_00554,1
image_00555,1
image_00556,1
image_00557,1
image_00558,1
image_00559,1
image_00560,1
image_00561,1
image_00562,1
image_00563,1
image_00564,1
image_00565,1
image_00566,1
image_00567,1
image_00568,1
image_00569,1
image_00570,1
image_00571,1
image_00572,1
image_00573,1
image_00574,1
image_00575,1
image_00576,1
image_00577,1
image_00578,1
image_00579,1
image_00580,1
image_00581,1
image_00582,1
image_00583,1
image_00584,1
image_00585,1
image_00586,1
image_00587,1
image_00588,1
image_00589,1
image_00590,1
image_00591,1
image_00592,1
image_00593,1
image_00594,1
image_00595,1
image_00596,1
image_00597,1
image_00598,1
image_00599,1
image_00600,1
image_00601,1
image_00602,1
image_00603,1
image_00604,1
image_00605,1
image_00606,1
image_00607,1
image_00608,1
image_00609,1
image_00610,1
image_00611,1
image_00612,1
image_00613,1
image_00614,1
image_00615,1
image_00616,1
image_00617,1
image_00618,1
image_00619,1
image_00620,1
image_00621,1
image_00622,1
image_00623,1
image_00624,1
image_00625,1
image_00626,1
image_00627,1
image_00628,1
image_00629,1
image_00630,1
image_00631,1
image_00632,1
image_00633,1
image_00634,1
image_00635,1
image_00636,1
image_00637,1
image_00638,1
image_00639,1
image_00640,1
image_00641,1
image_00642,1
image_00643,1
image_00644,1
image_00645,1
image_00646,1
image_00647,1
image_00648,1
image_00649,1
image_00650,1
image_00651,1
image_00652,1
image_00653,1
image_00654,1
image_00655,1
image_00656,1
image_00657,1
image_00658,1
image_00659,1
image_00660,1
image_00661,1
image_00662,1
image_00663,1
image_00664,1
image_00665,1
image_00666,1
image_00667,1
image_00668,1
image_00669,1
image_00670,1
image_00671,1
image_00672,1
image_00673,1
image_00674,1
image_00675,1
image_00676,1
image_00677,1
image_00678,1
image_00679,1
image_00680,1
image_00681,1
image_00682,1
image_00683,1
image_00684,1
image_00685,1
image_00686,1
image_00687,1
image_00688,1
image_00689,1
image_00690,1
image_00691,1
image_00692,1
image_00693,1
image_00694,1
image_00695,1
image_00696,1
image_00697,1
image_00698,1
image_00699,1
image_00700,1
image_00701,1
image_00702,1
image_00703,1
image_00704,1
image_00705,1
image_00706,1
image_00707,1
image_00708,1
image_00709,1
image_00710,1
image_00711,1
image_00712,1
image_00713,1
image_00714,1
image_00715,1
image_00716,1
image_00717,1
image_00718,1
image_00719,1
image_00720,1
image_00721,1
image_00722,1
image_00723,1
image_00724,1
image_00725,1
image_00726,1
image_00727,1
image_00728,1
image_00729,1
image_00730,1
image_00731,1
image_00732,1
image_00733,1
image_00734,1
image_00735,1
image_00736,1
image_00737,1
image_00738,1
image_00739,1
image_00740,1
image_00741,1
image_00742,1
image_00743,1
image_00744,1
image_00745,1
image_00746,1
image_00747,1
image_00748,1
image_00749,1
image_00750,1
image_00751,1
image_00752,1
image_00753,1
image_00754,1
image_00755,1
image_00756,1
image_00757,1
image_00758,1
image_00759,1
image_00760,1
image_00761,1
image_00762,1
image_00763,1
image_00764,1
image_00765,1
image_00766,1
image_00767,1
image_00768,1
image_00769,1
image_00770,1
image_00771,1
image_00772,1
image_00773,1
image_00774,1
image_00775,1
image_00776,1
image_00777,1
image_00778,1
image_00779,1
image_00780,1
image_00781,1
image_00782,1
image_00783,1
image_00784,1
image_00785,1
image_00786,1
image_00787,1
image_00788,1
image_00789,1
image_00790,1
image_00791,1
image_00792,1
image_00793,1
image_00794,1
image_00795,1
image_00796,1
image_00797,1
image_00798,1
image_00799,1
image_00800,1
image_00801,1
image_00802,1
image_00803,1
image_00804,1
image_00805,1
image_00806,1
image_00807,1
image_00808,1
image_00809,1
image_00810,1
image_00811,1
image_00812,1
image_00813,1
image_00814,1
image_00815,1
image_00816,1
image_00817,1
image_00818,1
image_00819,1
image_00820,1
image_00821,1
image_00822,1
image_00823,1
image_00824,1
image_00825,1
