Image_Id,RH
image_00826,1
image_00827,1
image_00828,1
image_00829,1
image_00830,1
image_00831,1
image_00832,1
image_00833,1
image_00834,1
image_00835,1
image_00836,1
image_00837,1
image_00838,1
image_00839,1
image_00840,1
image_00841,1
image_00842,1
image_00843,1
image_00844,1
image_00845,1
image_00846,1
image_00847,1
image_00848,1
image_00849,1
image_00850,1
image_00851,1
image_00852,1
image_00853,1
image_00854,1
image_00855,1
image_00856,1
image_00857,1
image_00858,1
image_00859,1
image_00860,1
image_00861,1
image_00862,1
image_00863,1
image_00864,1
image_00865,1
image_00866,1
image_00867,1
image_00868,1
image_00869,1
image_00870,1
image_00871,1
image_00872,1
image_00873,1
image_00874,1
image_00875,1
image_00876,1
image_00877,1
image_00878,1
image_00879,1
image_00880,1
image_00881,1
image_00882,1
image_00883,1
image_00884,1
image_00885,1
image_00886,1
image_00887,1
image_00888,1
image_00889,1
image_00890,1
image_00891,1
image_00892,1
image_00893,1
image_00894,1
image_00895,1
image_00896,1
image_00897,1
image_00898,1
image_00899,1
image_00900,1
image_00901,1
image_00902,1
image_00903,1
image_00904,1
image_00905,1
image_00906,1
image_00907,1
image_00908,1
image_00909,1
image_00910,1
image_00911,1
image_00912,1
image_00913,1
image_00914,1
image_00915,1
image_00916,1
image_00917,1
image_00918,1
image_00919,1
image_00920,1
image_00921,1
image_00922,1
image_00923,1
image_00924,1
image_00925,1
image_00926,1
image_00927,1
image_00928,1
image_00929,1
image_00930,1
image_00931,1
image_00932,1
image_00933,1
image_00934,1
image_00935,1
image_00936,1
image_00937,1
image_00938,1
image_00939,1
image_00940,1
image_00941,1
image_00942,1
image_00943,1
image_00944,1
image_00945,1
image_00946,1
image_00947,1
image_00948,1
image_00949,1
image_00950,1
image_00951,1
image_00952,1
image_00953,1
image_00954,1
image_00955,1
image_00956,1
image_00957,1
image_00958,1
image_00959,1
image_00960,1
image_00961,1
image_00962,1
image_00963,1
image_00964,1
image_00965,1
image_00966,1
image_00967,1
image_00968,1
image_00969,1
image_00970,1
image_00971,1
image_00972,1
image_00973,1
image_00974,1
image_00975,1
image_00976,1
image_00977,1
image_00978,1
image_00979,1
image_00980,1
image_00981,1
image_00982,1
image_00983,1
image_00984,1
image_00985,1
image_00986,1
image_00987,1
image_00988,1
image_00989,1
image_00990,1
image_00991,1
image_00992,1
image_00993,1
image_00994,1
image_00995,1
image_00996,1
image_00997,1
image_00998,1
image_00999,1
image_01000,1
image_01001,1
image_01002,1
image_01003,1
image_01004,1
image_01005,1
image_01006,1
image_01007,1
image_01008,1
image_01009,1
image_01010,1
image_01011,1
image_01012,1
image_01013,1
image_01014,1
image_01015,1
image_01016,1
image_01017,1
image_01018,1
image_01019,1
image_01020,1
image_01021,1
image_01022,1
image_01023,1
image_01024,1
image_01025,1
image_01026,1
image_01027,1
image_01028,1
image_01029,1
image_01030,1
image_01031,1
image_01032,1
image_01033,1
image_01034,1
image_01035,1
image_01036,1
image_01037,1
image_01038,1
image_01039,1
image_01040,1
image_01041,1
image_01042,1
image_01043,1
image_01044,1
image_01045,1
image_01046,1
image_01047,1
image_01048,1
image_01049,1
image_01050,1
image_01051,1
image_01052,1
image_01053,1
image_01054,1
image_01055,1
image_01056,1
image_01057,1
image_01058,1
image_01059,1
image_01060,1
image_01061,1
image_01062,1
image_01063,1
image_01064,1
image_01065,1
image_01066,1
image_01067,1
image_01068,1
image_01069,1
image_01070,1
image_01071,1
image_01072,1
image_01073,1
image_01074,1
image_01075,1
image_01076,1
image_01077,1
image_01078,1
image_01079,1
image_01080,1
image_01081,1
image_01082,1
image_01083,1
image_01084,1
image_01085,1
image_01086,1
image_01087,1
image_01088,1
image_01089,1
image_01090,1
image_01091,1
image_01092,1
image_01093,1
image_01094,1
image_01095,1
image_01096,1
image_01097,1
image_01098,1
image_01099,1
image_01100,1
image_01101,1
image_01102,1
image_01103,1
image_01104,1
image_01105,1
image_01106,1
image_01107,1
image_01108,1
image_01109,1
image_01110,1
image_01111,1
image_01112,1
image_01113,1
image_01114,1
image_01115,1
image_01116,1
image_01117,1
image_01118,1
image_01119,1
image_01120,1
image_01121,1
image_01122,1
image_01123,1
image_01124,1
image_01125,1
image_01126,1
image_01127,1
image_01128,1
image_01129,1
image_01130,1
image_01131,1
image_01132,1
image_01133,1
image_01134,1
image_01135,1
image_01136,1
image_01137,1
image_01138,1
image_01139,1
image_01140,1
image_01141,1
image_01142,1
image_01143,1
image_01144,1
image_01145,1
image_01146,1
image_01147,1
image_01148,1
image_01149,1
image_01150,1
image_01151,1
image_01152,1
image_01153,1
image_01154,1
image_01155,1
image_01156,1
image_01157,1
image_01158,1
image_01159,1
image_01160,1
image_01161,1
image_01162,1
image_01163,1
image_01164,1
image_01165,1
image_01166,1
image_01167,1
image_01168,1
image_01169,1
image_01170,1
image_01171,1
image_01172,1
image_01173,1
image_01174,1
image_01175,1
image_01176,1
image_01177,1
image_01178,1
image_01179,1
image_01180,1
image_01181,1
image_01182,1
image_01183,1
image_01184,1
image_01185,1
image_01186,1
image_01187,1
image_01188,1
image_01189,1
image_01190,1
image_01191,1
image_01192,1
image_01193,1
image_01194,1
image_01195,1
image_01196,1
image_01197,1
image_01198,1
image_01199,1
image_01200,1
image_01201,1
image_01202,1
image_01203,1
image_01204,1
image_01205,1
image_01206,1
image_01207,1
image_01208,1
image_01209,1
image_01210,1
image_01211,1
image_01212,1
image_01213,1
image_01214,1
image_01215,1
image_01216,1
image_01217,1
image_01218,1
image_01219,1
image_01220,1
image_01221,1
image_01222,1
image_01223,1
image_01224,1
image_01225,1
image_01226,1
image_01227,1
image_01228,1
image_01229,1
image_01230,1
image_01231,1
image_01232,1
image_01233,1
image_01234,1
image_01235,1
image_01236,1
image_01237,1
image_01238,1
image_01239,1
image_01240,1
image_01241,1
image_01242,1
image_01243,1
image_01244,1
image_01245,1
image_01246,1
image_01247,1
image_01248,1
image_01249,1
image_01250,1
image_01251,1
image_01252,1
image_01253,1
image_01254,1
image_01255,1
image_01256,1
image_01257,1
image_01258,1
image_01259,1
image_01260,1
image_01261,1
image_01262,1
image_01263,1
image_01264,1
image_01265,1
image_01266,1
image_01267,1
image_01268,1
image_01269,1
image_01270,1
image_01271,1
image_01272,1
image_01273,1
image_01274,1
image_01275,1
image_01276,1
image_01277,1
image_01278,1
image_01279,1
image_01280,1
image_01281,1
image_01282,1
image_01283,1
image_01284,1
image_01285,1
image_01286,1
image_01287,1
image_01288,1
image_01289,1
image_01290,1
image_01291,1
image_01292,1
image_01293,1
image_01294,1
image_01295,1
image_01296,1
image_01297,1
image_01298,1
image_01299,1
image_01300,1
image_01301,1
image_01302,1
image_01303,1
image_01304,1
image_01305,1
image_01306,1
image_01307,1
image_01308,1
image_01309,1
image_01310,1
image_01311,1
image_01312,1
image_01313,1
image_01314,1
image_01315,1
image_01316,1
image_01317,1
image_01318,1
image_01319,1
image_01320,1
image_01321,1
image_01322,1
image_01323,1
image_01324,1
image_01325,1
image_01326,1
image_01327,1
image_01328,1
image_01329,1
image_01330,1
image_01331,1
image_01332,1
image_01333,1
image_01334,1
image_01335,1
image_01336,1
image_01337,1
image_01338,1
image_01339,1
image_01340,1
image_01341,1
image_01342,1
image_01343,1
image_01344,1
image_01345,1
image_01346,1
image_01347,1
image_01348,1
image_01349,1
image_01350,1
image_01351,1
image_01352,1
image_01353,1
image_01354,1
image_01355,1
image_01356,1
image_01357,1
image_01358,1
image_01359,1
image_01360,1
image_01361,1
image_01362,1
image_01363,1
image_01364,1
image_01365,1
image_01366,1
image_01367,1
image_01368,1
image_01369,1
image_01370,1
image_01371,1
image_01372,1
image_01373,1
image_01374,1
image_01375,1
image_01376,1
image_01377,1
image_01378,1
image_01379,1
image_01380,1
image_01381,1
image_01382,1
image_01383,1
image_01384,1
image_01385,1
image_01386,1
image_01387,1
image_01388,1
image_01389,1
image_01390,1
image_01391,1
image_01392,1
image_01393,1
image_01394,1
image_01395,1
image_01396,1
image_01397,1
image_01398,1
image_01399,1
image_01400,1
image_01401,1
image_01402,1
image_01403,1
image_01404,1
image_01405,1
image_01406,1
image_01407,1
image_01408,1
image_01409,1
image_01410,1
image_01411,1
image_01412,1
image_01413,1
image_01414,1
image_01415,1
image_01416,1
image_01417,1
image_01418,1
image_01419,1
image_01420,1
image_01421,1
image_01422,1
image_01423,1
image_01424,1
image_01425,1
image_01426,1
image_01427,1
image_01428,1
image_01429,1
image_01430,1
image_01431,1
image_01432,1
image_01433,1
image_01434,1
image_01435,1
image_01436,1
image_01437,1
image_01438,1
image_01439,1
image_01440,1
image_01441,1
image_01442,1
image_01443,1
image_01444,1
image_01445,1
image_01446,1
image_01447,1
image_01448,1
image_01449,1
image_01450,1
image_01451,1
image_01452,1
image_01453,1
image_01454,1
image_01455,1
image_01456,1
image_01457,1
image_01458,1
image_01459,1
image_01460,1
image_01461,1
image_01462,1
image_01463,1
image_01464,1
image_01465,1
image_01466,1
image_01467,1
image_01468,1
image_01469,1
image_01470,1
image_01471,1
image_01472,1
image_01473,1
image_01474,1
image_01475,1
image_01476,1
image_01477,1
image_01478,1
image_01479,1
image_01480,1
image_01481,1
image_01482,1
image_01483,1
image_01484,1
image_01485,1
image_01486,1
image_01487,1
image_01488,1
image_01489,1
