Image_Id,LS
image_01843,1
image_01844,1
image_01845,1
image_01846,1
image_01847,1
image_01848,1
image_01849,1
image_01850,1
image_01851,1
image_01852,1
image_01853,1
image_01854,1
image_01855,1
image_01856,1
image_01857,1
image_01858,1
image_01859,1
image_01860,1
image_01861,1
image_01862,1
image_01863,1
image_01864,1
image_01865,1
image_01866,1
image_01867,1
image_01868,1
image_01869,1
image_01870,1
image_01871,1
image_01872,1
image_01873,1
image_01874,1
image_01875,1
image_01876,1
image_01877,1
image_01878,1
image_01879,1
image_01880,1
image_01881,1
image_01882,1
image_01883,1
image_01884,1
image_01885,1
image_01886,1
image_01887,1
image_01888,1
image_01889,1
image_01890,1
image_01891,1
image_01892,1
image_01893,1
image_01894,1
image_01895,1
image_01896,1
image_01897,1
image_01898,1
image_01899,1
image_01900,1
image_01901,1
image_01902,1
image_01903,1
image_01904,1
image_01905,1
image_01906,1
image_01907,1
image_01908,1
image_01909,1
image_01910,1
image_01911,1
image_01912,1
image_01913,1
image_01914,1
image_01915,1
image_01916,1
image_01917,1
image_01918,1
image_01919,1
image_01920,1
image_01921,1
image_01922,1
image_01923,1
image_01924,1
image_01925,1
image_01926,1
image_01927,1
image_01928,1
image_01929,1
image_01930,1
image_01931,1
image_01932,1
image_01933,1
image_01934,1
image_01935,1
image_01936,1
image_01937,1
image_01938,1
image_01939,1
image_01940,1
image_01941,1
image_01942,1
image_01943,1
image_01944,1
image_01945,1
image_01946,1
image_01947,1
image_01948,1
image_01949,1
image_01950,1
image_01951,1
image_01952,1
image_01953,1
image_01954,1
image_01955,1
image_01956,1
image_01957,1
image_01958,1
image_01959,1
image_01960,1
image_01961,1
image_01962,1
image_01963,1
image_01964,1
image_01965,1
image_01966,1
image_01967,1
image_01968,1
image_01969,1
image_01970,1
image_01971,1
image_01972,1
image_01973,1
image_01974,1
image_01975,1
image_01976,1
image_01977,1
image_01978,1
image_01979,1
image_01980,1
image_01981,1
image_01982,1
image_01983,1
image_01984,1
image_01985,1
image_01986,1
image_01987,1
image_01988,1
image_01989,1
image_01990,1
image_01991,1
image_01992,1
image_01993,1
image_01994,1
image_01995,1
image_01996,1
image_01997,1
image_01998,1
image_01999,1
image_02000,1
image_02001,1
image_02002,1
image_02003,1
image_02004,1
image_02005,1
image_02006,1
image_02007,1
image_02008,1
image_02009,1
image_02010,1
image_02011,1
image_02012,1
image_02013,1
image_02014,1
image_02015,1
image_02016,1
image_02017,1
image_02018,1
image_02019,1
image_02020,1
image_02021,1
image_02022,1
image_02023,1
image_02024,1
image_02025,1
image_02026,1
image_02027,1
image_02028,1
image_02029,1
image_02030,1
image_02031,1
image_02032,1
image_02033,1
image_02034,1
image_02035,1
image_02036,1
image_02037,1
image_02038,1
image_02039,1
image_02040,1
image_02041,1
image_02042,1
image_02043,1
image_02044,1
image_02045,1
image_02046,1
image_02047,1
image_02048,1
image_02049,1
image_02050,1
image_02051,1
image_02052,1
image_02053,1
image_02054,1
image_02055,1
image_02056,1
image_02057,1
image_02058,1
image_02059,1
image_02060,1
image_02061,1
image_02062,1
image_02063,1
image_02064,1
image_02065,1
image_02066,1
image_02067,1
image_02068,1
image_02069,1
image_02070,1
image_02071,1
image_02072,1
image_02073,1
image_02074,1
image_02075,1
image_02076,1
image_02077,1
image_02078,1
image_02079,1
image_02080,1
image_02081,1
image_02082,1
image_02083,1
image_02084,1
image_02085,1
image_02086,1
image_02087,1
image_02088,1
image_02089,1
image_02090,1
image_02091,1
image_02092,1
image_02093,1
image_02094,1
image_02095,1
image_02096,1
image_02097,1
image_02098,1
image_02099,1
image_02100,1
image_02101,1
image_02102,1
image_02103,1
image_02104,1
image_02105,1
image_02106,1
image_02107,1
image_02108,1
image_02109,1
image_02110,1
image_02111,1
image_02112,1
image_02113,1
image_02114,1
image_02115,1
image_02116,1
image_02117,1
image_02118,1
image_02119,1
image_02120,1
image_02121,1
image_02122,1
image_02123,1
image_02124,1
image_02125,1
image_02126,1
image_02127,1
image_02128,1
image_02129,1
image_02130,1
image_02131,1
image_02132,1
image_02133,1
image_02134,1
image_02135,1
image_02136,1
image_02137,1
image_02138,1
image_02139,1
image_02140,1
image_02141,1
image_02142,1
image_02143,1
image_02144,1
image_02145,1
image_02146,1
image_02147,1
image_02148,1
image_02149,1
image_02150,1
image_02151,1
image_02152,1
image_02153,1
image_02154,1
image_02155,1
image_02156,1
image_02157,1
image_02158,1
image_02159,1
image_02160,1
image_02161,1
image_02162,1
image_02163,1
image_02164,1
image_02165,1
image_02166,1
image_02167,1
image_02168,1
image_02169,1
image_02170,1
image_02171,1
image_02172,1
image_02173,1
image_02174,1
image_02175,1
image_02176,1
image_02177,1
image_02178,1
image_02179,1
image_02180,1
image_02181,1
image_02182,1
image_02183,1
image_02184,1
image_02185,1
image_02186,1
image_02187,1
image_02188,1
image_02189,1
image_02190,1
image_02191,1
image_02192,1
image_02193,1
image_02194,1
image_02195,1
image_02196,1
image_02197,1
image_02198,1
image_02199,1
image_02200,1
image_02201,1
image_02202,1
image_02203,1
image_02204,1
image_02205,1
image_02206,1
image_02207,1
image_02208,1
image_02209,1
image_02210,1
image_02211,1
image_02212,1
image_02213,1
image_02214,1
image_02215,1
image_02216,1
image_02217,1
image_02218,1
image_02219,1
image_02220,1
image_02221,1
image_02222,1
image_02223,1
image_02224,1
image_02225,1
image_02226,1
image_02227,1
image_02228,1
image_02229,1
image_02230,1
image_02231,1
image_02232,1
image_02233,1
image_02234,1
image_02235,1
image_02236,1
image_02237,1
image_02238,1
image_02239,1
image_02240,1
image_02241,1
image_02242,1
image_02243,1
image_02244,1
image_02245,1
image_02246,1
image_02247,1
image_02248,1
image_02249,1
image_02250,1
image_02251,1
image_02252,1
image_02253,1
image_02254,1
image_02255,1
image_02256,1
image_02257,1
image_02258,1
image_02259,1
image_02260,1
image_02261,1
image_02262,1
image_02263,1
image_02264,1
image_02265,1
image_02266,1
image_02267,1
image_02268,1
image_02269,1
image_02270,1
image_02271,1
image_02272,1
image_02273,1
image_02274,1
image_02275,1
image_02276,1
image_02277,1
image_02278,1
image_02279,1
image_02280,1
image_02281,1
image_02282,1
image_02283,1
image_02284,1
image_02285,1
image_02286,1
image_02287,1
image_02288,1
image_02289,1
image_02290,1
image_02291,1
image_02292,1
image_02293,1
image_02294,1
image_02295,1
image_02296,1
image_02297,1
image_02298,1
image_02299,1
image_02300,1
image_02301,1
image_02302,1
image_02303,1
image_02304,1
image_02305,1
image_02306,1
image_02307,1
image_02308,1
image_02309,1
image_02310,1
image_02311,1
image_02312,1
image_02313,1
image_02314,1
image_02315,1
image_02316,1
image_02317,1
image_02318,1
image_02319,1
image_02320,1
image_02321,1
image_02322,1
image_02323,1
image_02324,1
image_02325,1
image_02326,1
image_02327,1
image_02328,1
image_02329,1
image_02330,1
image_02331,1
image_02332,1
image_02333,1
image_02334,1
image_02335,1
image_02336,1
image_02337,1
image_02338,1
image_02339,1
image_02340,1
image_02341,1
image_02342,1
image_02343,1
image_02344,1
image_02345,1
image_02346,1
image_02347,1
image_02348,1
image_02349,1
image_02350,1
image_02351,1
image_02352,1
image_02353,1
image_02354,1
image_02355,1
image_02356,1
image_02357,1
image_02358,1
image_02359,1
image_02360,1
image_02361,1
image_02362,1
image_02363,1
image_02364,1
image_02365,1
image_02366,1
image_02367,1
image_02368,1
image_02369,1
image_02370,1
image_02371,1
image_02372,1
image_02373,1
image_02374,1
image_02375,1
image_02376,1
image_02377,1
image_02378,1
image_02379,1
image_02380,1
image_02381,1
image_02382,1
image_02383,1
image_02384,1
image_02385,1
image_02386,1
image_02387,1
image_02388,1
image_02389,1
image_02390,1
image_02391,1
image_02392,1
image_02393,1
image_02394,1
image_02395,1
image_02396,1
image_02397,1
image_02398,1
image_02399,1
image_02400,1
image_02401,1
image_02402,1
