Image_Id,LB
image_02403,1
image_02404,1
image_02405,1
image_02406,1
image_02407,1
image_02408,1
image_02409,1
image_02410,1
image_02411,1
image_02412,1
image_02413,1
image_02414,1
image_02415,1
image_02416,1
image_02417,1
image_02418,1
image_02419,1
image_02420,1
image_02421,1
image_02422,1
image_02423,1
image_02424,1
image_02425,1
image_02426,1
image_02427,1
image_02428,1
image_02429,1
image_02430,1
image_02431,1
image_02432,1
image_02433,1
image_02434,1
image_02435,1
image_02436,1
image_02437,1
image_02438,1
image_02439,1
image_02440,1
image_02441,1
image_02442,1
image_02443,1
image_02444,1
image_02445,1
image_02446,1
image_02447,1
image_02448,1
image_02449,1
image_02450,1
image_02451,1
image_02452,1
image_02453,1
image_02454,1
image_02455,1
image_02456,1
image_02457,1
image_02458,1
image_02459,1
image_02460,1
image_02461,1
image_02462,1
image_02463,1
image_02464,1
image_02465,1
image_02466,1
image_02467,1
image_02468,1
image_02469,1
image_02470,1
image_02471,1
image_02472,1
image_02473,1
image_02474,1
image_02475,1
image_02476,1
image_02477,1
image_02478,1
image_02479,1
image_02480,1
image_02481,1
image_02482,1
image_02483,1
image_02484,1
image_02485,1
image_02486,1
image_02487,1
image_02488,1
image_02489,1
image_02490,1
image_02491,1
image_02492,1
image_02493,1
image_02494,1
image_02495,1
image_02496,1
image_02497,1
image_02498,1
image_02499,1
image_02500,1
image_02501,1
image_02502,1
image_02503,1
image_02504,1
image_02505,1
image_02506,1
image_02507,1
image_02508,1
image_02509,1
image_02510,1
image_02511,1
image_02512,1
image_02513,1
image_02514,1
image_02515,1
image_02516,1
image_02517,1
image_02518,1
image_02519,1
image_02520,1
image_02521,1
image_02522,1
image_02523,1
image_02524,1
image_02525,1
image_02526,1
image_02527,1
image_02528,1
image_02529,1
image_02530,1
image_02531,1
image_02532,1
image_02533,1
image_02534,1
image_02535,1
image_02536,1
image_02537,1
image_02538,1
image_02539,1
image_02540,1
image_02541,1
image_02542,1
image_02543,1
image_02544,1
image_02545,1
image_02546,1
image_02547,1
image_02548,1
image_02549,1
image_02550,1
image_02551,1
image_02552,1
image_02553,1
image_02554,1
image_02555,1
image_02556,1
image_02557,1
image_02558,1
image_02559,1
image_02560,1
image_02561,1
image_02562,1
image_02563,1
image_02564,1
image_02565,1
image_02566,1
image_02567,1
image_02568,1
image_02569,1
image_02570,1
image_02571,1
image_02572,1
image_02573,1
image_02574,1
image_02575,1
image_02576,1
image_02577,1
image_02578,1
image_02579,1
image_02580,1
image_02581,1
image_02582,1
image_02583,1
image_02584,1
image_02585,1
image_02586,1
image_02587,1
image_02588,1
image_02589,1
image_02590,1
image_02591,1
image_02592,1
image_02593,1
image_02594,1
image_02595,1
image_02596,1
image_02597,1
image_02598,1
image_02599,1
image_02600,1
image_02601,1
image_02602,1
image_02603,1
image_02604,1
image_02605,1
image_02606,1
image_02607,1
image_02608,1
image_02609,1
image_02610,1
image_02611,1
image_02612,1
image_02613,1
image_02614,1
image_02615,1
image_02616,1
image_02617,1
image_02618,1
image_02619,1
image_02620,1
image_02621,1
image_02622,1
image_02623,1
image_02624,1
image_02625,1
image_02626,1
image_02627,1
image_02628,1
image_02629,1
image_02630,1
image_02631,1
image_02632,1
image_02633,1
image_02634,1
image_02635,1
image_02636,1
image_02637,1
image_02638,1
image_02639,1
image_02640,1
image_02641,1
image_02642,1
image_02643,1
image_02644,1
image_02645,1
image_02646,1
image_02647,1
image_02648,1
image_02649,1
image_02650,1
image_02651,1
image_02652,1
image_02653,1
image_02654,1
image_02655,1
image_02656,1
image_02657,1
image_02658,1
image_02659,1
image_02660,1
image_02661,1
image_02662,1
image_02663,1
image_02664,1
image_02665,1
image_02666,1
image_02667,1
image_02668,1
image_02669,1
image_02670,1
image_02671,1
image_02672,1
image_02673,1
image_02674,1
image_02675,1
image_02676,1
image_02677,1
image_02678,1
image_02679,1
image_02680,1
image_02681,1
image_02682,1
image_02683,1
image_02684,1
image_02685,1
image_02686,1
image_02687,1
image_02688,1
image_02689,1
image_02690,1
image_02691,1
image_02692,1
image_02693,1
image_02694,1
image_02695,1
image_02696,1
image_02697,1
image_02698,1
image_02699,1
image_02700,1
image_02701,1
image_02702,1
image_02703,1
image_02704,1
image_02705,1
image_02706,1
image_02707,1
image_02708,1
image_02709,1
image_02710,1
image_02711,1
image_02712,1
image_02713,1
image_02714,1
image_02715,1
image_02716,1
image_02717,1
image_02718,1
image_02719,1
image_02720,1
image_02721,1
image_02722,1
image_02723,1
image_02724,1
image_02725,1
image_02726,1
image_02727,1
image_02728,1
image_02729,1
image_02730,1
image_02731,1
image_02732,1
image_02733,1
image_02734,1
image_02735,1
image_02736,1
image_02737,1
image_02738,1
image_02739,1
image_02740,1
image_02741,1
image_02742,1
image_02743,1
image_02744,1
image_02745,1
image_02746,1
image_02747,1
image_02748,1
image_02749,1
image_02750,1
image_02751,1
image_02752,1
image_02753,1
image_02754,1
image_02755,1
image_02756,1
image_02757,1
image_02758,1
image_02759,1
image_02760,1
image_02761,1
image_02762,1
image_02763,1
image_02764,1
image_02765,1
image_02766,1
image_02767,1
image_02768,1
image_02769,1
image_02770,1
image_02771,1
image_02772,1
image_02773,1
image_02774,1
image_02775,1
image_02776,1
image_02777,1
image_02778,1
image_02779,1
image_02780,1
image_02781,1
image_02782,1
image_02783,1
image_02784,1
image_02785,1
image_02786,1
image_02787,1
image_02788,1
image_02789,1
image_02790,1
image_02791,1
image_02792,1
image_02793,1
image_02794,1
image_02795,1
image_02796,1
image_02797,1
image_02798,1
image_02799,1
image_02800,1
image_02801,1
image_02802,1
image_02803,1
image_02804,1
image_02805,1
image_02806,1
image_02807,1
image_02808,1
image_02809,1
image_02810,1
image_02811,1
image_02812,1
image_02813,1
image_02814,1
image_02815,1
image_02816,1
image_02817,1
image_02818,1
image_02819,1
image_02820,1
image_02821,1
image_02822,1
image_02823,1
image_02824,1
image_02825,1
image_02826,1
image_02827,1
image_02828,1
image_02829,1
image_02830,1
image_02831,1
image_02832,1
image_02833,1
image_02834,1
image_02835,1
image_02836,1
image_02837,1
image_02838,1
image_02839,1
image_02840,1
image_02841,1
image_02842,1
image_02843,1
image_02844,1
image_02845,1
image_02846,1
image_02847,1
image_02848,1
image_02849,1
image_02850,1
image_02851,1
image_02852,1
image_02853,1
image_02854,1
image_02855,1
image_02856,1
image_02857,1
image_02858,1
image_02859,1
image_02860,1
image_02861,1
image_02862,1
image_02863,1
image_02864,1
image_02865,1
image_02866,1
image_02867,1
image_02868,1
image_02869,1
image_02870,1
image_02871,1
image_02872,1
image_02873,1
image_02874,1
image_02875,1
image_02876,1
image_02877,1
image_02878,1
image_02879,1
image_02880,1
image_02881,1
image_02882,1
image_02883,1
image_02884,1
image_02885,1
image_02886,1
image_02887,1
image_02888,1
image_02889,1
image_02890,1
image_02891,1
image_02892,1
image_02893,1
image_02894,1
image_02895,1
image_02896,1
image_02897,1
image_02898,1
image_02899,1
image_02900,1
image_02901,1
image_02902,1
image_02903,1
image_02904,1
image_02905,1
image_02906,1
image_02907,1
image_02908,1
image_02909,1
image_02910,1
image_02911,1
image_02912,1
image_02913,1
image_02914,1
image_02915,1
image_02916,1
image_02917,1
image_02918,1
image_02919,1
image_02920,1
image_02921,1
image_02922,1
image_02923,1
image_02924,1
image_02925,1
image_02926,1
image_02927,1
image_02928,1
image_02929,1
image_02930,1
image_02931,1
image_02932,1
image_02933,1
image_02934,1
image_02935,1
image_02936,1
image_02937,1
image_02938,1
image_02939,1
image_02940,1
image_02941,1
image_02942,1
image_02943,1
image_02944,1
image_02945,1
image_02946,1
image_02947,1
image_02948,1
image_02949,1
image_02950,1
image_02951,1
image_02952,1
image_02953,1
image_02954,1
image_02955,1
image_02956,1
image_02957,1
image_02958,1
image_02959,1
image_02960,1
image_02961,1
image_02962,1
image_02963,1
image_02964,1
image_02965,1
image_02966,1
image_02967,1
image_02968,1
image_02969,1
image_02970,1
image_02971,1
image_02972,1
image_02973,1
image_02974,1
image_02975,1
image_02976,1
image_02977,1
image_02978,1
image_02979,1
image_02980,1
image_02981,1
image_02982,1
image_02983,1
image_02984,1
image_02985,1
image_02986,1
image_02987,1
image_02988,1
image_02989,1
image_02990,1
image_02991,1
image_02992,1
image_02993,1
image_02994,1
image_02995,1
image_02996,1
image_02997,1
image_02998,1
image_02999,1
image_03000,1
image_03001,1
image_03002,1
image_03003,1
image_03004,1
image_03005,1
image_03006,1
image_03007,1
image_03008,1
image_03009,1
image_03010,1
image_03011,1
image_03012,1
image_03013,1
image_03014,1
image_03015,1
image_03016,1
image_03017,1
image_03018,1
image_03019,1
image_03020,1
image_03021,1
image_03022,1
image_03023,1
image_03024,1
image_03025,1
image_03026,1
image_03027,1
image_03028,1
image_03029,1
image_03030,1
image_03031,1
image_03032,1
image_03033,1
image_03034,1
image_03035,1
image_03036,1
image_03037,1
image_03038,1
image_03039,1
image_03040,1
image_03041,1
image_03042,1
image_03043,1
image_03044,1
image_03045,1
image_03046,1
image_03047,1
image_03048,1
image_03049,1
image_03050,1
image_03051,1
image_03052,1
image_03053,1
image_03054,1
image_03055,1
image_03056,1
image_03057,1
image_03058,1
image_03059,1
image_03060,1
image_03061,1
image_03062,1
image_03063,1
image_03064,1
image_03065,1
image_03066,1
image_03067,1
image_03068,1
image_03069,1
image_03070,1
image_03071,1
image_03072,1
image_03073,1
image_03074,1
image_03075,1
image_03076,1
image_03077,1
image_03078,1
image_03079,1
image_03080,1
image_03081,1
image_03082,1
image_03083,1
image_03084,1
image_03085,1
image_03086,1
image_03087,1
image_03088,1
image_03089,1
image_03090,1
image_03091,1
image_03092,1
image_03093,1
image_03094,1
image_03095,1
image_03096,1
image_03097,1
image_03098,1
image_03099,1
image_03100,1
image_03101,1
image_03102,1
image_03103,1
image_03104,1
image_03105,1
image_03106,1
image_03107,1
image_03108,1
image_03109,1
image_03110,1
image_03111,1
image_03112,1
image_03113,1
image_03114,1
image_03115,1
image_03116,1
image_03117,1
image_03118,1
image_03119,1
image_03120,1
image_03121,1
image_03122,1
image_03123,1
image_03124,1
image_03125,1
image_03126,1
image_03127,1
image_03128,1
image_03129,1
image_03130,1
image_03131,1
image_03132,1
image_03133,1
image_03134,1
image_03135,1
image_03136,1
image_03137,1
image_03138,1
image_03139,1
image_03140,1
image_03141,1
image_03142,1
image_03143,1
image_03144,1
image_03145,1
image_03146,1
image_03147,1
image_03148,1
image_03149,1
image_03150,1
image_03151,1
image_03152,1
image_03153,1
image_03154,1
image_03155,1
image_03156,1
image_03157,1
image_03158,1
image_03159,1
image_03160,1
image_03161,1
image_03162,1
image_03163,1
image_03164,1
image_03165,1
image_03166,1
image_03167,1
image_03168,1
image_03169,1
image_03170,1
image_03171,1
image_03172,1
image_03173,1
image_03174,1
image_03175,1
image_03176,1
image_03177,1
image_03178,1
image_03179,1
image_03180,1
image_03181,1
image_03182,1
image_03183,1
image_03184,1
image_03185,1
image_03186,1
image_03187,1
image_03188,1
image_03189,1
image_03190,1
image_03191,1
image_03192,1
image_03193,1
image_03194,1
image_03195,1
image_03196,1
image_03197,1
image_03198,1
image_03199,1
image_03200,1
image_03201,1
image_03202,1
image_03203,1
image_03204,1
image_03205,1
image_03206,1
image_03207,1
image_03208,1
image_03209,1
image_03210,1
image_03211,1
image_03212,1
image_03213,1
image_03214,1
image_03215,1
image_03216,1
image_03217,1
image_03218,1
image_03219,1
image_03220,1
image_03221,1
image_03222,1
image_03223,1
image_03224,1
image_03225,1
image_03226,1
image_03227,1
image_03228,1
image_03229,1
image_03230,1
image_03231,1
image_03232,1
image_03233,1
image_03234,1
image_03235,1
image_03236,1
image_03237,1
image_03238,1
image_03239,1
image_03240,1
image_03241,1
image_03242,1
image_03243,1
image_03244,1
image_03245,1
image_03246,1
image_03247,1
image_03248,1
image_03249,1
image_03250,1
image_03251,1
image_03252,1
image_03253,1
image_03254,1
image_03255,1
image_03256,1
image_03257,1
image_03258,1
image_03259,1
image_03260,1
image_03261,1
image_03262,1
image_03263,1
image_03264,1
image_03265,1
image_03266,1
image_03267,1
image_03268,1
image_03269,1
image_03270,1
image_03271,1
image_03272,1
image_03273,1
image_03274,1
image_03275,1
image_03276,1
image_03277,1
image_03278,1
image_03279,1
image_03280,1
image_03281,1
image_03282,1
image_03283,1
image_03284,1
image_03285,1
image_03286,1
image_03287,1
image_03288,1
image_03289,1
image_03290,1
image_03291,1
image_03292,1
image_03293,1
image_03294,1
image_03295,1
image_03296,1
image_03297,1
image_03298,1
image_03299,1
image_03300,1
image_03301,1
image_03302,1
image_03303,1
image_03304,1
image_03305,1
image_03306,1
image_03307,1
image_03308,1
image_03309,1
image_03310,1
image_03311,1
image_03312,1
image_03313,1
image_03314,1
image_03315,1
image_03316,1
image_03317,1
image_03318,1
image_03319,1
image_03320,1
image_03321,1
image_03322,1
image_03323,1
image_03324,1
image_03325,1
image_03326,1
image_03327,1
image_03328,1
image_03329,1
image_03330,1
image_03331,1
