Image_Id,NBLS
image_01490,1
image_01491,1
image_01492,1
image_01493,1
image_01494,1
image_01495,1
image_01496,1
image_01497,1
image_01498,1
image_01499,1
image_01500,1
image_01501,1
image_01502,1
image_01503,1
image_01504,1
image_01505,1
image_01506,1
image_01507,1
image_01508,1
image_01509,1
image_01510,1
image_01511,1
image_01512,1
image_01513,1
image_01514,1
image_01515,1
image_01516,1
image_01517,1
image_01518,1
image_01519,1
image_01520,1
image_01521,1
image_01522,1
image_01523,1
image_01524,1
image_01525,1
image_01526,1
image_01527,1
image_01528,1
image_01529,1
image_01530,1
image_01531,1
image_01532,1
image_01533,1
image_01534,1
image_01535,1
image_01536,1
image_01537,1
image_01538,1
image_01539,1
image_01540,1
image_01541,1
image_01542,1
image_01543,1
image_01544,1
image_01545,1
image_01546,1
image_01547,1
image_01548,1
image_01549,1
image_01550,1
image_01551,1
image_01552,1
image_01553,1
image_01554,1
image_01555,1
image_01556,1
image_01557,1
image_01558,1
image_01559,1
image_01560,1
image_01561,1
image_01562,1
image_01563,1
image_01564,1
image_01565,1
image_01566,1
image_01567,1
image_01568,1
image_01569,1
image_01570,1
image_01571,1
image_01572,1
image_01573,1
image_01574,1
image_01575,1
image_01576,1
image_01577,1
image_01578,1
image_01579,1
image_01580,1
image_01581,1
image_01582,1
image_01583,1
image_01584,1
image_01585,1
image_01586,1
image_01587,1
image_01588,1
image_01589,1
image_01590,1
image_01591,1
image_01592,1
image_01593,1
image_01594,1
image_01595,1
image_01596,1
image_01597,1
image_01598,1
image_01599,1
image_01600,1
image_01601,1
image_01602,1
image_01603,1
image_01604,1
image_01605,1
image_01606,1
image_01607,1
image_01608,1
image_01609,1
image_01610,1
image_01611,1
image_01612,1
image_01613,1
image_01614,1
image_01615,1
image_01616,1
image_01617,1
image_01618,1
image_01619,1
image_01620,1
image_01621,1
image_01622,1
image_01623,1
image_01624,1
image_01625,1
image_01626,1
image_01627,1
image_01628,1
image_01629,1
image_01630,1
image_01631,1
image_01632,1
image_01633,1
image_01634,1
image_01635,1
image_01636,1
image_01637,1
image_01638,1
image_01639,1
image_01640,1
image_01641,1
image_01642,1
image_01643,1
image_01644,1
image_01645,1
image_01646,1
image_01647,1
image_01648,1
image_01649,1
image_01650,1
image_01651,1
image_01652,1
image_01653,1
image_01654,1
image_01655,1
image_01656,1
image_01657,1
image_01658,1
image_01659,1
image_01660,1
image_01661,1
image_01662,1
image_01663,1
image_01664,1
image_01665,1
image_01666,1
image_01667,1
image_01668,1
image_01669,1
image_01670,1
image_01671,1
image_01672,1
image_01673,1
image_01674,1
image_01675,1
image_01676,1
image_01677,1
image_01678,1
image_01679,1
image_01680,1
image_01681,1
image_01682,1
image_01683,1
image_01684,1
image_01685,1
image_01686,1
image_01687,1
image_01688,1
image_01689,1
image_01690,1
image_01691,1
image_01692,1
image_01693,1
image_01694,1
image_01695,1
image_01696,1
image_01697,1
image_01698,1
image_01699,1
image_01700,1
image_01701,1
image_01702,1
image_01703,1
image_01704,1
image_01705,1
image_01706,1
image_01707,1
image_01708,1
image_01709,1
image_01710,1
image_01711,1
image_01712,1
image_01713,1
image_01714,1
image_01715,1
image_01716,1
image_01717,1
image_01718,1
image_01719,1
image_01720,1
image_01721,1
image_01722,1
image_01723,1
image_01724,1
image_01725,1
image_01726,1
image_01727,1
image_01728,1
image_01729,1
image_01730,1
image_01731,1
image_01732,1
image_01733,1
image_01734,1
image_01735,1
image_01736,1
image_01737,1
image_01738,1
image_01739,1
image_01740,1
image_01741,1
image_01742,1
image_01743,1
image_01744,1
image_01745,1
image_01746,1
image_01747,1
image_01748,1
image_01749,1
image_01750,1
image_01751,1
image_01752,1
image_01753,1
image_01754,1
image_01755,1
image_01756,1
image_01757,1
image_01758,1
image_01759,1
image_01760,1
image_01761,1
image_01762,1
image_01763,1
image_01764,1
image_01765,1
image_01766,1
image_01767,1
image_01768,1
image_01769,1
image_01770,1
image_01771,1
image_01772,1
image_01773,1
image_01774,1
image_01775,1
image_01776,1
image_01777,1
image_01778,1
image_01779,1
image_01780,1
image_01781,1
image_01782,1
image_01783,1
image_01784,1
image_01785,1
image_01786,1
image_01787,1
image_01788,1
image_01789,1
image_01790,1
image_01791,1
image_01792,1
image_01793,1
image_01794,1
image_01795,1
image_01796,1
image_01797,1
image_01798,1
image_01799,1
image_01800,1
image_01801,1
image_01802,1
image_01803,1
image_01804,1
image_01805,1
image_01806,1
image_01807,1
image_01808,1
image_01809,1
image_01810,1
image_01811,1
image_01812,1
image_01813,1
image_01814,1
image_01815,1
image_01816,1
image_01817,1
image_01818,1
image_01819,1
image_01820,1
image_01821,1
image_01822,1
image_01823,1
image_01824,1
image_01825,1
image_01826,1
image_01827,1
image_01828,1
image_01829,1
image_01830,1
image_01831,1
image_01832,1
image_01833,1
image_01834,1
image_01835,1
image_01836,1
image_01837,1
image_01838,1
image_01839,1
image_01840,1
image_01841,1
image_01842,1
