Image_Id,BS
image_03843,1
image_03844,1
image_03845,1
image_03846,1
image_03847,1
image_03848,1
image_03849,1
image_03850,1
image_03851,1
image_03852,1
image_03853,1
image_03854,1
image_03855,1
image_03856,1
image_03857,1
image_03858,1
image_03859,1
image_03860,1
image_03861,1
image_03862,1
image_03863,1
image_03864,1
image_03865,1
image_03866,1
image_03867,1
image_03868,1
image_03869,1
image_03870,1
image_03871,1
image_03872,1
image_03873,1
image_03874,1
image_03875,1
image_03876,1
image_03877,1
image_03878,1
image_03879,1
image_03880,1
image_03881,1
image_03882,1
image_03883,1
image_03884,1
image_03885,1
image_03886,1
image_03887,1
image_03888,1
image_03889,1
image_03890,1
image_03891,1
image_03892,1
image_03893,1
image_03894,1
image_03895,1
image_03896,1
image_03897,1
image_03898,1
image_03899,1
image_03900,1
image_03901,1
image_03902,1
image_03903,1
image_03904,1
image_03905,1
image_03906,1
image_03907,1
image_03908,1
image_03909,1
image_03910,1
image_03911,1
image_03912,1
image_03913,1
image_03914,1
image_03915,1
image_03916,1
image_03917,1
image_03918,1
image_03919,1
image_03920,1
image_03921,1
image_03922,1
image_03923,1
image_03924,1
image_03925,1
image_03926,1
image_03927,1
image_03928,1
image_03929,1
image_03930,1
image_03931,1
image_03932,1
image_03933,1
image_03934,1
image_03935,1
image_03936,1
image_03937,1
image_03938,1
image_03939,1
image_03940,1
image_03941,1
image_03942,1
image_03943,1
image_03944,1
image_03945,1
image_03946,1
image_03947,1
image_03948,1
image_03949,1
image_03950,1
image_03951,1
image_03952,1
image_03953,1
image_03954,1
image_03955,1
image_03956,1
image_03957,1
image_03958,1
image_03959,1
image_03960,1
image_03961,1
image_03962,1
image_03963,1
image_03964,1
image_03965,1
image_03966,1
image_03967,1
image_03968,1
image_03969,1
image_03970,1
image_03971,1
image_03972,1
image_03973,1
image_03974,1
image_03975,1
image_03976,1
image_03977,1
image_03978,1
image_03979,1
image_03980,1
image_03981,1
image_03982,1
image_03983,1
image_03984,1
image_03985,1
image_03986,1
image_03987,1
image_03988,1
image_03989,1
image_03990,1
image_03991,1
image_03992,1
image_03993,1
image_03994,1
image_03995,1
image_03996,1
image_03997,1
image_03998,1
image_03999,1
image_04000,1
image_04001,1
image_04002,1
image_04003,1
image_04004,1
image_04005,1
image_04006,1
image_04007,1
image_04008,1
image_04009,1
image_04010,1
image_04011,1
image_04012,1
image_04013,1
image_04014,1
image_04015,1
image_04016,1
image_04017,1
image_04018,1
image_04019,1
image_04020,1
image_04021,1
image_04022,1
image_04023,1
image_04024,1
image_04025,1
image_04026,1
image_04027,1
image_04028,1
image_04029,1
image_04030,1
image_04031,1
image_04032,1
image_04033,1
image_04034,1
image_04035,1
image_04036,1
image_04037,1
image_04038,1
image_04039,1
image_04040,1
image_04041,1
image_04042,1
image_04043,1
image_04044,1
image_04045,1
image_04046,1
image_04047,1
image_04048,1
image_04049,1
image_04050,1
image_04051,1
image_04052,1
image_04053,1
image_04054,1
image_04055,1
image_04056,1
image_04057,1
image_04058,1
image_04059,1
image_04060,1
image_04061,1
image_04062,1
image_04063,1
image_04064,1
image_04065,1
image_04066,1
image_04067,1
image_04068,1
image_04069,1
image_04070,1
image_04071,1
image_04072,1
image_04073,1
image_04074,1
image_04075,1
image_04076,1
image_04077,1
image_04078,1
image_04079,1
image_04080,1
image_04081,1
image_04082,1
image_04083,1
image_04084,1
image_04085,1
image_04086,1
image_04087,1
image_04088,1
image_04089,1
image_04090,1
image_04091,1
image_04092,1
image_04093,1
image_04094,1
image_04095,1
image_04096,1
image_04097,1
image_04098,1
image_04099,1
image_04100,1
image_04101,1
image_04102,1
image_04103,1
image_04104,1
image_04105,1
image_04106,1
image_04107,1
image_04108,1
image_04109,1
image_04110,1
image_04111,1
image_04112,1
image_04113,1
image_04114,1
image_04115,1
image_04116,1
image_04117,1
image_04118,1
image_04119,1
image_04120,1
image_04121,1
image_04122,1
image_04123,1
image_04124,1
image_04125,1
image_04126,1
image_04127,1
image_04128,1
image_04129,1
image_04130,1
image_04131,1
image_04132,1
image_04133,1
image_04134,1
image_04135,1
image_04136,1
image_04137,1
image_04138,1
image_04139,1
image_04140,1
image_04141,1
image_04142,1
image_04143,1
image_04144,1
image_04145,1
image_04146,1
image_04147,1
image_04148,1
image_04149,1
image_04150,1
image_04151,1
image_04152,1
image_04153,1
image_04154,1
image_04155,1
image_04156,1
image_04157,1
image_04158,1
image_04159,1
image_04160,1
image_04161,1
image_04162,1
image_04163,1
image_04164,1
image_04165,1
image_04166,1
image_04167,1
image_04168,1
image_04169,1
image_04170,1
image_04171,1
image_04172,1
image_04173,1
image_04174,1
image_04175,1
image_04176,1
image_04177,1
image_04178,1
image_04179,1
image_04180,1
image_04181,1
image_04182,1
image_04183,1
image_04184,1
image_04185,1
image_04186,1
image_04187,1
image_04188,1
image_04189,1
image_04190,1
image_04191,1
image_04192,1
image_04193,1
image_04194,1
image_04195,1
image_04196,1
image_04197,1
image_04198,1
image_04199,1
image_04200,1
image_04201,1
image_04202,1
image_04203,1
image_04204,1
image_04205,1
image_04206,1
image_04207,1
image_04208,1
image_04209,1
image_04210,1
image_04211,1
image_04212,1
image_04213,1
image_04214,1
image_04215,1
image_04216,1
image_04217,1
image_04218,1
image_04219,1
image_04220,1
image_04221,1
image_04222,1
image_04223,1
image_04224,1
image_04225,1
image_04226,1
image_04227,1
image_04228,1
image_04229,1
image_04230,1
image_04231,1
image_04232,1
image_04233,1
image_04234,1
image_04235,1
image_04236,1
image_04237,1
image_04238,1
image_04239,1
image_04240,1
image_04241,1
image_04242,1
image_04243,1
image_04244,1
image_04245,1
image_04246,1
image_04247,1
image_04248,1
image_04249,1
image_04250,1
image_04251,1
image_04252,1
image_04253,1
image_04254,1
image_04255,1
image_04256,1
image_04257,1
image_04258,1
image_04259,1
image_04260,1
image_04261,1
image_04262,1
image_04263,1
image_04264,1
image_04265,1
image_04266,1
image_04267,1
image_04268,1
image_04269,1
image_04270,1
image_04271,1
image_04272,1
image_04273,1
image_04274,1
image_04275,1
image_04276,1
image_04277,1
image_04278,1
image_04279,1
image_04280,1
image_04281,1
image_04282,1
image_04283,1
image_04284,1
image_04285,1
image_04286,1
image_04287,1
image_04288,1
image_04289,1
image_04290,1
image_04291,1
image_04292,1
image_04293,1
image_04294,1
image_04295,1
image_04296,1
image_04297,1
image_04298,1
image_04299,1
image_04300,1
image_04301,1
image_04302,1
image_04303,1
image_04304,1
image_04305,1
image_04306,1
image_04307,1
image_04308,1
image_04309,1
image_04310,1
image_04311,1
image_04312,1
image_04313,1
image_04314,1
image_04315,1
image_04316,1
image_04317,1
image_04318,1
image_04319,1
image_04320,1
image_04321,1
image_04322,1
image_04323,1
image_04324,1
image_04325,1
image_04326,1
image_04327,1
image_04328,1
image_04329,1
image_04330,1
image_04331,1
image_04332,1
image_04333,1
image_04334,1
image_04335,1
image_04336,1
image_04337,1
image_04338,1
image_04339,1
image_04340,1
image_04341,1
image_04342,1
image_04343,1
image_04344,1
image_04345,1
image_04346,1
image_04347,1
image_04348,1
image_04349,1
image_04350,1
image_04351,1
image_04352,1
image_04353,1
image_04354,1
image_04355,1
image_04356,1
image_04357,1
image_04358,1
image_04359,1
image_04360,1
image_04361,1
image_04362,1
image_04363,1
image_04364,1
image_04365,1
image_04366,1
image_04367,1
image_04368,1
image_04369,1
image_04370,1
image_04371,1
image_04372,1
image_04373,1
image_04374,1
image_04375,1
image_04376,1
image_04377,1
image_04378,1
image_04379,1
image_04380,1
image_04381,1
image_04382,1
image_04383,1
image_04384,1
image_04385,1
image_04386,1
image_04387,1
image_04388,1
image_04389,1
image_04390,1
image_04391,1
image_04392,1
image_04393,1
image_04394,1
image_04395,1
image_04396,1
image_04397,1
image_04398,1
image_04399,1
image_04400,1
image_04401,1
image_04402,1
image_04403,1
image_04404,1
image_04405,1
image_04406,1
image_04407,1
image_04408,1
image_04409,1
image_04410,1
image_04411,1
image_04412,1
image_04413,1
image_04414,1
image_04415,1
image_04416,1
image_04417,1
image_04418,1
image_04419,1
image_04420,1
image_04421,1
image_04422,1
image_04423,1
image_04424,1
image_04425,1
image_04426,1
image_04427,1
image_04428,1
image_04429,1
image_04430,1
image_04431,1
image_04432,1
image_04433,1
image_04434,1
image_04435,1
image_04436,1
image_04437,1
image_04438,1
image_04439,1
image_04440,1
image_04441,1
image_04442,1
image_04443,1
image_04444,1
image_04445,1
image_04446,1
image_04447,1
image_04448,1
image_04449,1
image_04450,1
image_04451,1
image_04452,1
image_04453,1
image_04454,1
image_04455,1
image_04456,1
image_04457,1
image_04458,1
image_04459,1
image_04460,1
image_04461,1
image_04462,1
image_04463,1
image_04464,1
image_04465,1
image_04466,1
image_04467,1
image_04468,1
image_04469,1
image_04470,1
image_04471,1
image_04472,1
image_04473,1
image_04474,1
image_04475,1
image_04476,1
image_04477,1
image_04478,1
image_04479,1
image_04480,1
image_04481,1
image_04482,1
image_04483,1
image_04484,1
image_04485,1
image_04486,1
image_04487,1
image_04488,1
image_04489,1
image_04490,1
image_04491,1
image_04492,1
image_04493,1
image_04494,1
image_04495,1
image_04496,1
image_04497,1
image_04498,1
image_04499,1
image_04500,1
image_04501,1
image_04502,1
image_04503,1
image_04504,1
image_04505,1
image_04506,1
image_04507,1
image_04508,1
image_04509,1
image_04510,1
image_04511,1
image_04512,1
image_04513,1
image_04514,1
image_04515,1
image_04516,1
image_04517,1
image_04518,1
image_04519,1
image_04520,1
image_04521,1
image_04522,1
image_04523,1
image_04524,1
image_04525,1
image_04526,1
image_04527,1
image_04528,1
image_04529,1
image_04530,1
image_04531,1
image_04532,1
image_04533,1
image_04534,1
image_04535,1
image_04536,1
image_04537,1
image_04538,1
image_04539,1
image_04540,1
image_04541,1
image_04542,1
image_04543,1
image_04544,1
image_04545,1
image_04546,1
image_04547,1
image_04548,1
image_04549,1
image_04550,1
image_04551,1
image_04552,1
image_04553,1
image_04554,1
image_04555,1
image_04556,1
image_04557,1
image_04558,1
image_04559,1
image_04560,1
image_04561,1
image_04562,1
image_04563,1
image_04564,1
image_04565,1
image_04566,1
image_04567,1
image_04568,1
image_04569,1
image_04570,1
image_04571,1
image_04572,1
image_04573,1
image_04574,1
image_04575,1
image_04576,1
image_04577,1
image_04578,1
image_04579,1
image_04580,1
image_04581,1
image_04582,1
image_04583,1
image_04584,1
image_04585,1
image_04586,1
image_04587,1
image_04588,1
image_04589,1
image_04590,1
image_04591,1
image_04592,1
image_04593,1
image_04594,1
image_04595,1
image_04596,1
image_04597,1
image_04598,1
image_04599,1
image_04600,1
image_04601,1
image_04602,1
image_04603,1
image_04604,1
image_04605,1
image_04606,1
image_04607,1
image_04608,1
image_04609,1
image_04610,1
image_04611,1
image_04612,1
image_04613,1
image_04614,1
image_04615,1
image_04616,1
image_04617,1
image_04618,1
image_04619,1
image_04620,1
image_04621,1
image_04622,1
image_04623,1
image_04624,1
image_04625,1
image_04626,1
image_04627,1
image_04628,1
image_04629,1
image_04630,1
image_04631,1
image_04632,1
image_04633,1
image_04634,1
image_04635,1
image_04636,1
image_04637,1
image_04638,1
image_04639,1
image_04640,1
image_04641,1
image_04642,1
image_04643,1
image_04644,1
image_04645,1
image_04646,1
image_04647,1
image_04648,1
image_04649,1
image_04650,1
image_04651,1
image_04652,1
