Image_Id,HRL
image_03332,1
image_03333,1
image_03334,1
image_03335,1
image_03336,1
image_03337,1
image_03338,1
image_03339,1
image_03340,1
image_03341,1
image_03342,1
image_03343,1
image_03344,1
image_03345,1
image_03346,1
image_03347,1
image_03348,1
image_03349,1
image_03350,1
image_03351,1
image_03352,1
image_03353,1
image_03354,1
image_03355,1
image_03356,1
image_03357,1
image_03358,1
image_03359,1
image_03360,1
image_03361,1
image_03362,1
image_03363,1
image_03364,1
image_03365,1
image_03366,1
image_03367,1
image_03368,1
image_03369,1
image_03370,1
image_03371,1
image_03372,1
image_03373,1
image_03374,1
image_03375,1
image_03376,1
image_03377,1
image_03378,1
image_03379,1
image_03380,1
image_03381,1
image_03382,1
image_03383,1
image_03384,1
image_03385,1
image_03386,1
image_03387,1
image_03388,1
image_03389,1
image_03390,1
image_03391,1
image_03392,1
image_03393,1
image_03394,1
image_03395,1
image_03396,1
image_03397,1
image_03398,1
image_03399,1
image_03400,1
image_03401,1
image_03402,1
image_03403,1
image_03404,1
image_03405,1
image_03406,1
image_03407,1
image_03408,1
image_03409,1
image_03410,1
image_03411,1
image_03412,1
image_03413,1
image_03414,1
image_03415,1
image_03416,1
image_03417,1
image_03418,1
image_03419,1
image_03420,1
image_03421,1
image_03422,1
image_03423,1
image_03424,1
image_03425,1
image_03426,1
image_03427,1
image_03428,1
image_03429,1
image_03430,1
image_03431,1
image_03432,1
image_03433,1
image_03434,1
image_03435,1
image_03436,1
image_03437,1
image_03438,1
image_03439,1
image_03440,1
image_03441,1
image_03442,1
image_03443,1
image_03444,1
image_03445,1
image_03446,1
image_03447,1
image_03448,1
image_03449,1
image_03450,1
image_03451,1
image_03452,1
image_03453,1
image_03454,1
image_03455,1
image_03456,1
image_03457,1
image_03458,1
image_03459,1
image_03460,1
image_03461,1
image_03462,1
image_03463,1
image_03464,1
image_03465,1
image_03466,1
image_03467,1
image_03468,1
image_03469,1
image_03470,1
image_03471,1
image_03472,1
image_03473,1
image_03474,1
image_03475,1
image_03476,1
image_03477,1
image_03478,1
image_03479,1
image_03480,1
image_03481,1
image_03482,1
image_03483,1
image_03484,1
image_03485,1
image_03486,1
image_03487,1
image_03488,1
image_03489,1
image_03490,1
image_03491,1
image_03492,1
image_03493,1
image_03494,1
image_03495,1
image_03496,1
image_03497,1
image_03498,1
image_03499,1
image_03500,1
image_03501,1
image_03502,1
image_03503,1
image_03504,1
image_03505,1
image_03506,1
image_03507,1
image_03508,1
image_03509,1
image_03510,1
image_03511,1
image_03512,1
image_03513,1
image_03514,1
image_03515,1
image_03516,1
image_03517,1
image_03518,1
image_03519,1
image_03520,1
image_03521,1
image_03522,1
image_03523,1
image_03524,1
image_03525,1
image_03526,1
image_03527,1
image_03528,1
image_03529,1
image_03530,1
image_03531,1
image_03532,1
image_03533,1
image_03534,1
image_03535,1
image_03536,1
image_03537,1
image_03538,1
image_03539,1
image_03540,1
image_03541,1
image_03542,1
image_03543,1
image_03544,1
image_03545,1
image_03546,1
image_03547,1
image_03548,1
image_03549,1
image_03550,1
image_03551,1
image_03552,1
image_03553,1
image_03554,1
image_03555,1
image_03556,1
image_03557,1
image_03558,1
image_03559,1
image_03560,1
image_03561,1
image_03562,1
image_03563,1
image_03564,1
image_03565,1
image_03566,1
image_03567,1
image_03568,1
image_03569,1
image_03570,1
image_03571,1
image_03572,1
image_03573,1
image_03574,1
image_03575,1
image_03576,1
image_03577,1
image_03578,1
image_03579,1
image_03580,1
image_03581,1
image_03582,1
image_03583,1
image_03584,1
image_03585,1
image_03586,1
image_03587,1
image_03588,1
image_03589,1
image_03590,1
image_03591,1
image_03592,1
image_03593,1
image_03594,1
image_03595,1
image_03596,1
image_03597,1
image_03598,1
image_03599,1
image_03600,1
image_03601,1
image_03602,1
image_03603,1
image_03604,1
image_03605,1
image_03606,1
image_03607,1
image_03608,1
image_03609,1
image_03610,1
image_03611,1
image_03612,1
image_03613,1
image_03614,1
image_03615,1
image_03616,1
image_03617,1
image_03618,1
image_03619,1
image_03620,1
image_03621,1
image_03622,1
image_03623,1
image_03624,1
image_03625,1
image_03626,1
image_03627,1
image_03628,1
image_03629,1
image_03630,1
image_03631,1
image_03632,1
image_03633,1
image_03634,1
image_03635,1
image_03636,1
image_03637,1
image_03638,1
image_03639,1
image_03640,1
image_03641,1
image_03642,1
image_03643,1
image_03644,1
image_03645,1
image_03646,1
image_03647,1
image_03648,1
image_03649,1
image_03650,1
image_03651,1
image_03652,1
image_03653,1
image_03654,1
image_03655,1
image_03656,1
image_03657,1
image_03658,1
image_03659,1
image_03660,1
image_03661,1
image_03662,1
image_03663,1
image_03664,1
image_03665,1
image_03666,1
image_03667,1
image_03668,1
image_03669,1
image_03670,1
image_03671,1
image_03672,1
image_03673,1
image_03674,1
image_03675,1
image_03676,1
image_03677,1
image_03678,1
image_03679,1
image_03680,1
image_03681,1
image_03682,1
image_03683,1
image_03684,1
image_03685,1
image_03686,1
image_03687,1
image_03688,1
image_03689,1
image_03690,1
image_03691,1
image_03692,1
image_03693,1
image_03694,1
image_03695,1
image_03696,1
image_03697,1
image_03698,1
image_03699,1
image_03700,1
image_03701,1
image_03702,1
image_03703,1
image_03704,1
image_03705,1
image_03706,1
image_03707,1
image_03708,1
image_03709,1
image_03710,1
image_03711,1
image_03712,1
image_03713,1
image_03714,1
image_03715,1
image_03716,1
image_03717,1
image_03718,1
image_03719,1
image_03720,1
image_03721,1
image_03722,1
image_03723,1
image_03724,1
image_03725,1
image_03726,1
image_03727,1
image_03728,1
image_03729,1
image_03730,1
image_03731,1
image_03732,1
image_03733,1
image_03734,1
image_03735,1
image_03736,1
image_03737,1
image_03738,1
image_03739,1
image_03740,1
image_03741,1
image_03742,1
image_03743,1
image_03744,1
image_03745,1
image_03746,1
image_03747,1
image_03748,1
image_03749,1
image_03750,1
image_03751,1
image_03752,1
image_03753,1
image_03754,1
image_03755,1
image_03756,1
image_03757,1
image_03758,1
image_03759,1
image_03760,1
image_03761,1
image_03762,1
image_03763,1
image_03764,1
image_03765,1
image_03766,1
image_03767,1
image_03768,1
image_03769,1
image_03770,1
image_03771,1
image_03772,1
image_03773,1
image_03774,1
image_03775,1
image_03776,1
image_03777,1
image_03778,1
image_03779,1
image_03780,1
image_03781,1
image_03782,1
image_03783,1
image_03784,1
image_03785,1
image_03786,1
image_03787,1
image_03788,1
image_03789,1
image_03790,1
image_03791,1
image_03792,1
image_03793,1
image_03794,1
image_03795,1
image_03796,1
image_03797,1
image_03798,1
image_03799,1
image_03800,1
image_03801,1
image_03802,1
image_03803,1
image_03804,1
image_03805,1
image_03806,1
image_03807,1
image_03808,1
image_03809,1
image_03810,1
image_03811,1
image_03812,1
image_03813,1
image_03814,1
image_03815,1
image_03816,1
image_03817,1
image_03818,1
image_03819,1
image_03820,1
image_03821,1
image_03822,1
image_03823,1
image_03824,1
image_03825,1
image_03826,1
image_03827,1
image_03828,1
image_03829,1
image_03830,1
image_03831,1
image_03832,1
image_03833,1
image_03834,1
image_03835,1
image_03836,1
image_03837,1
image_03838,1
image_03839,1
image_03840,1
image_03841,1
image_03842,1
