Image_Id,BLB
image_04653,1
image_04654,1
image_04655,1
image_04656,1
image_04657,1
image_04658,1
image_04659,1
image_04660,1
image_04661,1
image_04662,1
image_04663,1
image_04664,1
image_04665,1
image_04666,1
image_04667,1
image_04668,1
image_04669,1
image_04670,1
image_04671,1
image_04672,1
image_04673,1
image_04674,1
image_04675,1
image_04676,1
image_04677,1
image_04678,1
image_04679,1
image_04680,1
image_04681,1
image_04682,1
image_04683,1
image_04684,1
image_04685,1
image_04686,1
image_04687,1
image_04688,1
image_04689,1
image_04690,1
image_04691,1
image_04692,1
image_04693,1
image_04694,1
image_04695,1
image_04696,1
image_04697,1
image_04698,1
image_04699,1
image_04700,1
image_04701,1
image_04702,1
image_04703,1
image_04704,1
image_04705,1
image_04706,1
image_04707,1
image_04708,1
image_04709,1
image_04710,1
image_04711,1
image_04712,1
image_04713,1
image_04714,1
image_04715,1
image_04716,1
image_04717,1
image_04718,1
image_04719,1
image_04720,1
image_04721,1
image_04722,1
image_04723,1
image_04724,1
image_04725,1
image_04726,1
image_04727,1
image_04728,1
image_04729,1
image_04730,1
image_04731,1
image_04732,1
image_04733,1
image_04734,1
image_04735,1
image_04736,1
image_04737,1
image_04738,1
image_04739,1
image_04740,1
image_04741,1
image_04742,1
image_04743,1
image_04744,1
image_04745,1
image_04746,1
image_04747,1
image_04748,1
image_04749,1
image_04750,1
image_04751,1
image_04752,1
image_04753,1
image_04754,1
image_04755,1
image_04756,1
image_04757,1
image_04758,1
image_04759,1
image_04760,1
image_04761,1
image_04762,1
image_04763,1
image_04764,1
image_04765,1
image_04766,1
image_04767,1
image_04768,1
image_04769,1
image_04770,1
image_04771,1
image_04772,1
image_04773,1
image_04774,1
image_04775,1
image_04776,1
image_04777,1
image_04778,1
image_04779,1
image_04780,1
image_04781,1
image_04782,1
image_04783,1
image_04784,1
image_04785,1
image_04786,1
image_04787,1
image_04788,1
image_04789,1
image_04790,1
image_04791,1
image_04792,1
image_04793,1
image_04794,1
image_04795,1
image_04796,1
image_04797,1
image_04798,1
image_04799,1
image_04800,1
image_04801,1
image_04802,1
image_04803,1
image_04804,1
image_04805,1
image_04806,1
image_04807,1
image_04808,1
image_04809,1
image_04810,1
image_04811,1
image_04812,1
image_04813,1
image_04814,1
image_04815,1
image_04816,1
image_04817,1
image_04818,1
image_04819,1
image_04820,1
image_04821,1
image_04822,1
image_04823,1
image_04824,1
image_04825,1
image_04826,1
image_04827,1
image_04828,1
image_04829,1
image_04830,1
image_04831,1
image_04832,1
image_04833,1
image_04834,1
image_04835,1
image_04836,1
image_04837,1
image_04838,1
image_04839,1
image_04840,1
image_04841,1
image_04842,1
image_04843,1
image_04844,1
image_04845,1
image_04846,1
image_04847,1
image_04848,1
image_04849,1
image_04850,1
image_04851,1
image_04852,1
image_04853,1
image_04854,1
image_04855,1
image_04856,1
image_04857,1
image_04858,1
image_04859,1
image_04860,1
image_04861,1
image_04862,1
image_04863,1
image_04864,1
image_04865,1
image_04866,1
image_04867,1
image_04868,1
image_04869,1
image_04870,1
image_04871,1
image_04872,1
image_04873,1
image_04874,1
image_04875,1
image_04876,1
image_04877,1
image_04878,1
image_04879,1
image_04880,1
image_04881,1
image_04882,1
image_04883,1
image_04884,1
image_04885,1
image_04886,1
image_04887,1
image_04888,1
image_04889,1
image_04890,1
image_04891,1
image_04892,1
image_04893,1
image_04894,1
image_04895,1
image_04896,1
image_04897,1
image_04898,1
image_04899,1
image_04900,1
image_04901,1
image_04902,1
image_04903,1
image_04904,1
image_04905,1
image_04906,1
image_04907,1
image_04908,1
image_04909,1
image_04910,1
image_04911,1
image_04912,1
image_04913,1
image_04914,1
image_04915,1
image_04916,1
image_04917,1
image_04918,1
image_04919,1
image_04920,1
image_04921,1
image_04922,1
image_04923,1
image_04924,1
image_04925,1
image_04926,1
image_04927,1
image_04928,1
image_04929,1
image_04930,1
image_04931,1
image_04932,1
image_04933,1
image_04934,1
image_04935,1
image_04936,1
image_04937,1
image_04938,1
image_04939,1
image_04940,1
image_04941,1
image_04942,1
image_04943,1
image_04944,1
image_04945,1
image_04946,1
image_04947,1
image_04948,1
image_04949,1
image_04950,1
image_04951,1
image_04952,1
image_04953,1
image_04954,1
image_04955,1
image_04956,1
image_04957,1
image_04958,1
image_04959,1
image_04960,1
image_04961,1
image_04962,1
image_04963,1
image_04964,1
image_04965,1
image_04966,1
image_04967,1
image_04968,1
image_04969,1
image_04970,1
image_04971,1
image_04972,1
image_04973,1
image_04974,1
image_04975,1
image_04976,1
image_04977,1
image_04978,1
image_04979,1
image_04980,1
image_04981,1
image_04982,1
image_04983,1
image_04984,1
image_04985,1
image_04986,1
image_04987,1
image_04988,1
image_04989,1
image_04990,1
image_04991,1
image_04992,1
image_04993,1
image_04994,1
image_04995,1
image_04996,1
image_04997,1
image_04998,1
image_04999,1
image_05000,1
image_05001,1
image_05002,1
image_05003,1
image_05004,1
image_05005,1
image_05006,1
image_05007,1
image_05008,1
image_05009,1
image_05010,1
image_05011,1
image_05012,1
image_05013,1
image_05014,1
image_05015,1
image_05016,1
image_05017,1
image_05018,1
image_05019,1
image_05020,1
image_05021,1
image_05022,1
image_05023,1
image_05024,1
image_05025,1
image_05026,1
image_05027,1
image_05028,1
image_05029,1
image_05030,1
image_05031,1
image_05032,1
image_05033,1
image_05034,1
image_05035,1
image_05036,1
image_05037,1
image_05038,1
image_05039,1
image_05040,1
image_05041,1
image_05042,1
image_05043,1
image_05044,1
image_05045,1
image_05046,1
image_05047,1
image_05048,1
image_05049,1
image_05050,1
image_05051,1
image_05052,1
image_05053,1
image_05054,1
image_05055,1
image_05056,1
image_05057,1
image_05058,1
image_05059,1
image_05060,1
image_05061,1
image_05062,1
image_05063,1
image_05064,1
image_05065,1
image_05066,1
image_05067,1
image_05068,1
image_05069,1
image_05070,1
image_05071,1
image_05072,1
image_05073,1
image_05074,1
image_05075,1
image_05076,1
image_05077,1
image_05078,1
image_05079,1
image_05080,1
image_05081,1
image_05082,1
image_05083,1
image_05084,1
image_05085,1
image_05086,1
image_05087,1
image_05088,1
image_05089,1
image_05090,1
image_05091,1
image_05092,1
image_05093,1
image_05094,1
image_05095,1
image_05096,1
image_05097,1
image_05098,1
image_05099,1
image_05100,1
image_05101,1
image_05102,1
image_05103,1
image_05104,1
image_05105,1
image_05106,1
image_05107,1
image_05108,1
image_05109,1
image_05110,1
image_05111,1
image_05112,1
image_05113,1
image_05114,1
image_05115,1
image_05116,1
image_05117,1
image_05118,1
image_05119,1
image_05120,1
image_05121,1
image_05122,1
image_05123,1
image_05124,1
image_05125,1
image_05126,1
image_05127,1
image_05128,1
image_05129,1
image_05130,1
image_05131,1
image_05132,1
image_05133,1
image_05134,1
image_05135,1
image_05136,1
image_05137,1
image_05138,1
image_05139,1
image_05140,1
image_05141,1
image_05142,1
image_05143,1
image_05144,1
image_05145,1
image_05146,1
image_05147,1
image_05148,1
image_05149,1
image_05150,1
image_05151,1
image_05152,1
image_05153,1
image_05154,1
image_05155,1
image_05156,1
image_05157,1
image_05158,1
image_05159,1
image_05160,1
image_05161,1
image_05162,1
image_05163,1
image_05164,1
image_05165,1
image_05166,1
image_05167,1
image_05168,1
image_05169,1
image_05170,1
image_05171,1
image_05172,1
image_05173,1
image_05174,1
image_05175,1
image_05176,1
image_05177,1
image_05178,1
image_05179,1
image_05180,1
image_05181,1
image_05182,1
image_05183,1
image_05184,1
image_05185,1
image_05186,1
image_05187,1
image_05188,1
